ID,Links,Title,Content Type,Module References,Domains
7623,https://www.sahapedia.org/the-tradition-and-culture-of-devi-devta-worship-himachal-pradesh,The Tradition and Culture of Devi-Devta Worship in Himachal Pradesh,Article +,Kullu Dussehra of Himachal Pradesh,Practices and Rituals
7620,https://www.sahapedia.org/kullu-dussehra-of-himachal-pradesh-0,Kullu Dussehra of Himachal Pradesh,Overview,Kullu Dussehra of Himachal Pradesh,Practices and Rituals
7344,https://www.sahapedia.org/madai-conversation-govardhan-mandavi,Madai: In conversation with Govardhan Mandavi,Interview,Madai of Chhattisgarh,Practices and Rituals
7343,https://www.sahapedia.org/socio-cultural-significance-of-madai-conversation-pandit-ram-nareti,Socio-cultural Significance of Madai: In conversation with Pandit Ram Nareti,Interview,Madai of Chhattisgarh,Practices and Rituals
7342,https://www.sahapedia.org/the-fabric-of-madai-conversation-brijlal-mandavi,On the Fabric of Madai: In Conversation with Brijlal Mandavi,Interview,Madai of Chhattisgarh,Practices and Rituals
7327,https://www.sahapedia.org/what-lies-behind-madai-bastar-chhattisgarh,"What Lies Behind: Madai in Bastar, Chhattisgarh",Article,Madai of Chhattisgarh,Practices and Rituals
7326,https://www.sahapedia.org/truck-barter-and-exchange-moments-of-transition-the-madais-of-gondwana,"Truck, Barter and Exchange: Moments of Transition in the Madais of Gondwana",Article,Madai of Chhattisgarh,Practices and Rituals
7324,https://www.sahapedia.org/doli-dang-and-danteshwari-of-geedam,"Doli, Dang and Danteshwari of Geedam",Article,Madai of Chhattisgarh,Practices and Rituals
7322,https://www.sahapedia.org/dancing-the-deos-the-pen-madais-of-bastar,Dancing with the Deos: The Pen Madais of Bastar,Overview,Madai of Chhattisgarh,Practices and Rituals
7114,https://www.sahapedia.org/kachargarh-pilgrimage-of-the-gond-adivasis-0,Kachargarh Pilgrimage of the Gond Adivasis,Overview,Kachargarh Pilgrimage of the Gond Adivasis,Practices and Rituals
6850,https://www.sahapedia.org/festival-of-tusu-introduction,Festival of Tusu: An Introduction,Article,,Practices and Rituals
6784,https://www.sahapedia.org/reminiscences-of-jhande-ka-mela,Reminiscences of Jhande Ka Mela,Interview,Jhande Ka Mela of Dehradun,Practices and Rituals
6629,https://www.sahapedia.org/badaga-funeral-rites,Badaga Funeral Rites,Article,,Practices and Rituals
6285,https://www.sahapedia.org/the-first-settlers-of-khonoma-conversation-peu-kuotsu,The First Settlers of Khonoma: In Conversation with Peu Kuotsu,Interview,Myths and Legends of the Angami Nagas of Khonoma,Practices and Rituals
6090,https://www.sahapedia.org/the-history-of-biryani,The History of Biryani,Article,"Kolkata Biryani: Culture, Identity, and Politics",Practices and Rituals
6051,https://www.sahapedia.org/the-kolkata-biryani-culture-identity-and-politics,"The Kolkata Biryani: Culture, Identity, and Politics",Overview,"Kolkata Biryani: Culture, Identity, and Politics",Practices and Rituals
6033,https://www.sahapedia.org/jat-haryanvi-marriage-roles-and-rituals-conversation-prem-chowdhry,Jat Haryanvi Marriage Roles and Rituals: In Conversation with Prem Chowdhry,Interview,Jat Haryanvi Marriage Rituals and Songs,Practices and Rituals
6027,https://www.sahapedia.org/jakdi-jat-haryanvi-marital-songs-of-leisure,Jakdi: Jat Haryanvi Marital Songs of Leisure,Article,Jat Haryanvi Marriage Rituals and Songs,Practices and Rituals
5958,https://www.sahapedia.org/saharay-unexplored-heritage-of-the-santhal-community,Saharay: Unexplored Heritage of the Santhal Community,Video,Saharay Festival of Purulia,Practices and Rituals
5791,https://www.sahapedia.org/saharay-unexplored-heritage-0,Saharay: An Unexplored Heritage,Overview,Saharay Festival of Purulia,Practices and Rituals
5228,https://www.sahapedia.org/gaan-ngai-festival-of-the-zeliangrong-nagas,Gaan Ngai: A Festival of the Zeliangrong Nagas,Interview,,Practices and Rituals
4706,https://www.sahapedia.org/importance-of-sar-sweets-of-bengal,Importance of 'sar' in sweets of Bengal,Interview,Sweet Traditions of Bengal,Practices and Rituals
4701,https://www.sahapedia.org/sweets-crafted-bengal,Sweets crafted in Bengal,Interview,Sweet Traditions of Bengal,Practices and Rituals
4700,https://www.sahapedia.org/moulds-sweets,Moulds for sweets,Interview,Sweet Traditions of Bengal,Practices and Rituals
4636,https://www.sahapedia.org/mould-making-dying-art-of-bengal,Mould-making: A Dying Art of Bengal,Article,Sweet Traditions of Bengal,Practices and Rituals
4635,https://www.sahapedia.org/sugar,Sugar,Article,Sweet Traditions of Bengal,Practices and Rituals
4634,https://www.sahapedia.org/crafting-sweets-bengal,Crafting Sweets in Bengal,Overview,Sweet Traditions of Bengal,Practices and Rituals
4502,https://www.sahapedia.org/kolam-when-hands-are-drawing,Kolam: When Hands are Drawing,Article,,Practices and Rituals
4462,https://www.sahapedia.org/mourning-muharram,Mourning on Muharram,Overview,Muharram and Jarigaan,Practices and Rituals
3944,https://www.sahapedia.org/cultural-significance-of-the-lai-haraoba,Cultural Significance of the Lai Haraoba,Interview,,Practices and Rituals
3418,https://www.sahapedia.org/easter-india,Easter in India,Overview,Easter in India,Practices and Rituals
3420,https://www.sahapedia.org/memories-of-easter-kerala,Memories of Easter in Kerala,Interview,Easter in India,Practices and Rituals
3419,https://www.sahapedia.org/conversation-prof-tk-oommen,In Conversation: Prof. T.K. Oommen,Interview,Easter in India,Practices and Rituals
3280,https://www.sahapedia.org/bonbibi-r-palagaan-tradition-history-and-performance,"Bonbibi-r Palagaan: Tradition, History and Performance",Overview,Bonbibi,Practices and Rituals
2847,https://www.sahapedia.org/chitrakoot-dussehra,Chitrakoot Dussehra,Article,Chitrakoot Dussehra,Practices and Rituals
2820,https://www.sahapedia.org/food-and-spices-of-the-bhotia-community-uttarakhand,Food and Spices of the Bhotia community in Uttarakhand,Article,Traditional Foods of Uttarakhand,Practices and Rituals
2817,https://www.sahapedia.org/walk-down-memory-lane-sudesha-devi,A Walk Down Memory Lane with Sudesha Devi,Article,Traditional Foods of Uttarakhand,Practices and Rituals
1937,https://www.sahapedia.org/dishes-and-discourses-culinary-culture-jorasanko,Dishes and Discourses: Culinary Culture at Jorasanko,Article,Food Cultures of Bengal,Practices and Rituals
1918,https://www.sahapedia.org/gender-food-food-habits-of-bengali-women,Gender in Food: Food Habits of Bengali Women,Article,Food Cultures of Bengal,Practices and Rituals
1916,https://www.sahapedia.org/changes-food-culture-of-bengal,Changes in food culture of Bengal,Interview,Food Cultures of Bengal,Practices and Rituals
1915,https://www.sahapedia.org/bengal-the-rice-bowl-of-india,Bengal is the Rice Bowl of India,Interview,Food Cultures of Bengal,Practices and Rituals
1726,https://www.sahapedia.org/food-insecurity-maharashtra,Food Insecurity in Maharashtra,Article,Cuisine in Maharashtra,Practices and Rituals
1437,https://www.sahapedia.org/curious-cuisine-bengali-culinary-culture-pre-modern-times,A Curious Cuisine: Bengali Culinary Culture in Pre-modern Times,Article,Food Cultures of Bengal,Practices and Rituals
1406,https://www.sahapedia.org/our-food-their-food-historical-overview-of-the-bengali-platter,Our Food Their Food: A Historical Overview of the Bengali Platter,Overview,Food Cultures of Bengal,Practices and Rituals
1403,https://www.sahapedia.org/interview-boro-goswami-bari-puja,Interview on Boro Goswami Bari puja,Interview,,Practices and Rituals
930,https://www.sahapedia.org/kathiawadi-cuisine-0,Kathiawadi Cuisine,Interview,,Practices and Rituals
894,https://www.sahapedia.org/%E2%80%9Cthe-taste-no-chef-can-give%E2%80%9D-processing-street-food-mumbai,“THE TASTE NO CHEF CAN GIVE”: Processing Street Food in Mumbai,Article,,Practices and Rituals
892,https://www.sahapedia.org/food-insecurity-of-intersections-and-differential-access,"Food Insecurity, of Intersections and Differential Access",Article,,Practices and Rituals
886,https://www.sahapedia.org/khana-and-cultural-khazana,Khana and Cultural Khazana,Overview,Cuisine in Maharashtra,Practices and Rituals
885,https://www.sahapedia.org/carving-memories-migration-cuisine-and-identity-south-konkan,"Carving Memories: Migration, Cuisine and Identity in South Konkan",Article,Cuisine in Maharashtra,Practices and Rituals
884,https://www.sahapedia.org/casteing-food-interrogating-popular-media,Cast(e)ing Food: Interrogating Popular Media,Article,Cuisine in Maharashtra,Practices and Rituals
863,https://www.sahapedia.org/eid-malabar-kerala,"Eid in Malabar, Kerala",Article,Eid-ul-Fitr,Practices and Rituals
817,https://www.sahapedia.org/ramzan-peshawar,A Ramzan in Peshawar,Article,Eid-ul-Fitr,Practices and Rituals
814,https://www.sahapedia.org/eid-ul-fitr-0,Eid ul Fitr,Overview,Eid-ul-Fitr,Practices and Rituals